Date,Open,High,Low,Close,Volume
2025-08-19,4860.0,4870.0,4780.0,4800.0,116454000
2025-08-20,4790.0,4950.0,4780.0,4950.0,144622900
2025-08-21,4950.0,4950.0,4860.0,4900.0,132019200
2025-08-22,4920.0,4920.0,4870.0,4890.0,73104500
2025-08-25,4950.0,4980.0,4920.0,4950.0,149580800
2025-08-26,4950.0,4950.0,4860.0,4900.0,308891700
2025-08-27,4840.0,4880.0,4800.0,4800.0,113576300
2025-08-28,4790.0,4850.0,4770.0,4770.0,111707400
2025-08-29,4720.0,4750.0,4660.0,4730.0,176485100
2025-09-01,4550.0,4670.0,4460.0,4600.0,320335300
2025-09-02,4610.0,4670.0,4560.0,4570.0,150045600
2025-09-03,4620.0,4660.0,4570.0,4620.0,131617900
2025-09-04,4630.0,4680.0,4620.0,4680.0,88735300
2025-09-08,4750.0,4750.0,4460.0,4490.0,200234500
2025-09-09,4450.0,4480.0,4310.0,4310.0,509366600
2025-09-10,4360.0,4420.0,4350.0,4400.0,293494200
2025-09-11,4480.0,4540.0,4450.0,4480.0,366697800
2025-09-12,4500.0,4550.0,4480.0,4520.0,216960200
2025-09-15,4550.0,4640.0,4520.0,4530.0,231346000
2025-09-16,4570.0,4570.0,4460.0,4480.0,122027400
2025-09-17,4480.0,4520.0,4440.0,4510.0,232702500
2025-09-18,4540.0,4550.0,4420.0,4420.0,177560100
2025-09-19,4350.0,4420.0,4330.0,4380.0,235975900
2025-09-22,4410.0,4420.0,4360.0,4420.0,107176100
2025-09-23,4390.0,4430.0,4370.0,4410.0,90675500
2025-09-24,4410.0,4430.0,4390.0,4390.0,85439100
2025-09-25,4400.0,4410.0,4360.0,4360.0,73946900
2025-09-26,4350.0,4430.0,4350.0,4420.0,86572900
2025-09-29,4420.0,4430.0,4400.0,4400.0,63753600
2025-09-30,4420.0,4450.0,4380.0,4400.0,108639600
2025-10-01,4360.0,4400.0,4350.0,4380.0,92265100
2025-10-02,4410.0,4440.0,4360.0,4360.0,93387400
2025-10-03,4370.0,4380.0,4300.0,4310.0,102459100
2025-10-06,4320.0,4330.0,4260.0,4260.0,96040500
2025-10-07,4260.0,4320.0,4250.0,4290.0,100237500
2025-10-08,4280.0,4290.0,4210.0,4250.0,97466800
2025-10-09,4240.0,4450.0,4200.0,4390.0,183242600
2025-10-10,4410.0,4420.0,4250.0,4250.0,139911200
2025-10-13,4210.0,4240.0,4200.0,4230.0,79178600
2025-10-14,4220.0,4270.0,4090.0,4090.0,188507000
2025-10-15,4110.0,4140.0,4010.0,4050.0,270562400
2025-10-16,4050.0,4150.0,4050.0,4090.0,125979600
2025-10-17,4110.0,4110.0,4030.0,4050.0,247510000
2025-10-20,4120.0,4320.0,4070.0,4300.0,331939200
2025-10-21,4350.0,4390.0,4300.0,4350.0,230858900
2025-10-22,4350.0,4460.0,4290.0,4330.0,216261300
2025-10-23,4310.0,4440.0,4310.0,4430.0,202102500
2025-10-24,4380.0,4590.0,4380.0,4550.0,350420300
2025-10-27,4590.0,4600.0,4410.0,4470.0,245576100
2025-10-28,4490.0,4510.0,4440.0,4510.0,174666600
2025-10-29,4500.0,4650.0,4490.0,4650.0,176978800
2025-10-30,4670.0,4830.0,4650.0,4800.0,390256000
2025-10-31,4790.0,4800.0,4720.0,4720.0,227378000
2025-11-03,4710.0,4760.0,4700.0,4760.0,129834200
2025-11-04,4760.0,4790.0,4720.0,4730.0,136412400
2025-11-05,4690.0,4770.0,4680.0,4770.0,102878900
2025-11-06,4790.0,4790.0,4750.0,4750.0,57932600
2025-11-07,4750.0,4780.0,4740.0,4750.0,58845500
2025-11-10,4790.0,4790.0,4730.0,4730.0,88738200
2025-11-11,4740.0,4750.0,4610.0,4680.0,168794500
2025-11-12,4680.0,4790.0,4680.0,4760.0,138539800
2025-11-13,4760.0,4760.0,4690.0,4700.0,108100300
2025-11-14,4690.0,4750.0,4680.0,4750.0,73479600
2025-11-17,4780.0,4850.0,4770.0,4820.0,136477100
2025-11-18,4810.0,4850.0,4780.0,4790.0,127022100
2025-11-19,4820.0,4850.0,4800.0,4850.0,107585700
2025-11-20,4940.0,4990.0,4900.0,4940.0,234717700
2025-11-21,4940.0,4970.0,4900.0,4950.0,142452600
2025-11-24,4910.0,5100.0,4870.0,5100.0,303252000
2025-11-25,5075.0,5100.0,4950.0,5025.0,169379300
2025-11-26,5025.0,5025.0,4960.0,5025.0,128492000
2025-11-27,5025.0,5025.0,4850.0,4860.0,170213000
2025-11-28,4800.0,4880.0,4800.0,4830.0,128777200
2025-12-01,4850.0,4910.0,4820.0,4860.0,58603700
2025-12-02,4920.0,4940.0,4820.0,4850.0,104013500
2025-12-03,4850.0,4920.0,4820.0,4880.0,102556300
2025-12-04,4930.0,4940.0,4880.0,4920.0,59392600
2025-12-05,4940.0,4940.0,4870.0,4900.0,53969200
2025-12-08,4950.0,4960.0,4910.0,4950.0,62947600
2025-12-09,4970.0,4980.0,4870.0,4890.0,134575200
2025-12-10,4950.0,4970.0,4870.0,4970.0,96005900
2025-12-11,5000.0,5050.0,4830.0,4950.0,151956700
2025-12-12,4980.0,4980.0,4820.0,4820.0,111830600
2025-12-15,4820.0,5025.0,4790.0,4990.0,122451500
2025-12-16,5025.0,5050.0,4920.0,5000.0,137373200
2025-12-17,4990.0,5025.0,4960.0,5025.0,94254100
2025-12-18,5025.0,5175.0,5025.0,5150.0,150669000
2025-12-19,5175.0,5200.0,5100.0,5175.0,161960800
2025-12-22,5175.0,5200.0,5025.0,5100.0,93615600
2025-12-23,5050.0,5100.0,5000.0,5050.0,44307700
2025-12-24,5025.0,5100.0,5025.0,5050.0,40272500
2025-12-29,5075.0,5150.0,5050.0,5075.0,55697500
2025-12-30,5075.0,5150.0,5050.0,5100.0,74077800
2026-01-02,5125.0,5150.0,5025.0,5075.0,59263700
2026-01-05,5075.0,5100.0,5025.0,5050.0,108458200
2026-01-06,4990.0,4990.0,4880.0,4880.0,180600600
2026-01-07,4890.0,4900.0,4800.0,4810.0,284261700
2026-01-08,4820.0,4880.0,4810.0,4810.0,108534300
2026-01-09,4820.0,4840.0,4760.0,4760.0,104703800
2026-01-12,4780.0,4850.0,4720.0,4770.0,118384500
2026-01-13,4800.0,4840.0,4780.0,4820.0,93419500
2026-01-14,4840.0,4850.0,4770.0,4840.0,114314800
2026-01-15,4840.0,5075.0,4830.0,4990.0,245024400
2026-01-19,5025.0,5100.0,4980.0,5000.0,197645100
2026-01-20,5000.0,5075.0,4990.0,5025.0,93803800
2026-01-21,5025.0,5025.0,4930.0,4990.0,117548600
2026-01-22,4990.0,5025.0,4930.0,4980.0,145002200
2026-01-23,4980.0,5000.0,4870.0,4990.0,116237200
2026-01-26,4910.0,4970.0,4870.0,4910.0,225443300
2026-01-27,4860.0,4910.0,4800.0,4810.0,160620600
2026-01-28,4570.0,4810.0,4410.0,4560.0,643802800
2026-01-29,4420.0,4640.0,4070.0,4630.0,907054600
2026-01-30,4700.0,4880.0,4630.0,4820.0,343393600
2026-02-02,4900.0,4920.0,4710.0,4800.0,290622800
2026-02-03,4830.0,4850.0,4710.0,4830.0,169775800
2026-02-04,4860.0,5025.0,4830.0,5000.0,232816800
2026-02-05,5050.0,5100.0,5000.0,5050.0,209505400
2026-02-06,4950.0,5050.0,4890.0,5050.0,278775900
2026-02-09,5050.0,5075.0,4950.0,5000.0,177079900
2026-02-10,5000.0,5100.0,4990.0,5100.0,177110700
2026-02-11,5075.0,5100.0,4990.0,5025.0,201135900
2026-02-12,5025.0,5075.0,5000.0,5075.0,121407500
2026-02-13,5050.0,5075.0,4970.0,5075.0,157236900
2026-02-18,5075.0,5275.0,5050.0,5275.0,212076100
2026-02-19,5275.0,5300.0,5050.0,5075.0,133827800
2026-02-20,5100.0,5175.0,5050.0,5125.0,88563800
2026-02-23,5150.0,5275.0,5150.0,5275.0,131077800
2026-02-24,5275.0,5375.0,5250.0,5375.0,203553200
2026-02-25,5350.0,5375.0,5300.0,5300.0,147700600
2026-02-26,5350.0,5350.0,5200.0,5325.0,120621100
2026-02-27,5325.0,5350.0,5275.0,5275.0,206461200
2026-03-02,5125.0,5175.0,5050.0,5075.0,168721700
2026-03-03,5100.0,5175.0,5050.0,5100.0,106384700
2026-03-04,5050.0,5075.0,4870.0,4980.0,294487200
2026-03-05,5025.0,5125.0,5000.0,5125.0,133690000
2026-03-06,5075.0,5100.0,4950.0,4980.0,127625100
2026-03-09,4800.0,4870.0,4780.0,4820.0,217673200
2026-03-10,4920.0,4990.0,4860.0,4910.0,124581800
2026-03-11,4930.0,4970.0,4880.0,4880.0,86606500
2026-03-12,4870.0,4980.0,4870.0,4960.0,85989900
2026-03-13,4900.0,4920.0,4750.0,4750.0,187462500
2026-03-16,4730.0,4740.0,4630.0,4700.0,149035900
2026-03-17,4750.0,4780.0,4710.0,4730.0,274977700
2026-03-25,4650.0,4970.0,4650.0,4970.0,389331300
2026-03-26,4970.0,4980.0,4840.0,4840.0,120735200
2026-03-27,4840.0,4870.0,4760.0,4760.0,73158700
2026-03-30,4710.0,4750.0,4690.0,4700.0,110819500
2026-03-31,4710.0,4790.0,4700.0,4720.0,184777500
2026-04-01,4800.0,4830.0,4680.0,4720.0,162832600
2026-04-02,4720.0,4730.0,4640.0,4650.0,109496300
2026-04-06,4650.0,4700.0,4600.0,4610.0,60887500
2026-04-07,4600.0,4610.0,4500.0,4510.0,190831700
2026-04-08,4670.0,4700.0,4630.0,4670.0,169872400
2026-04-09,4650.0,4650.0,4570.0,4570.0,128431200
2026-04-10,4580.0,4700.0,4580.0,4670.0,103583800
2026-04-13,4640.0,4660.0,4600.0,4600.0,103202100
2026-04-14,4670.0,4720.0,4650.0,4710.0,135501000
2026-04-15,4750.0,4770.0,4640.0,4650.0,104621600
2026-04-16,4680.0,4680.0,4620.0,4640.0,120500900
2026-04-17,4670.0,4700.0,4580.0,4620.0,125867600
2026-04-20,4640.0,4670.0,4590.0,4620.0,104938900
2026-04-21,4610.0,4700.0,4610.0,4700.0,120070400
2026-04-22,4700.0,4770.0,4700.0,4750.0,113814200
2026-04-23,4760.0,4770.0,4630.0,4630.0,133792200
2026-04-24,4630.0,4630.0,4490.0,4500.0,218703100
2026-04-27,4500.0,4510.0,4360.0,4400.0,257209000
2026-04-28,4420.0,4480.0,4350.0,4430.0,246361500
2026-04-29,4440.0,4530.0,4430.0,4430.0,201458600
2026-04-30,4430.0,4450.0,4370.0,4390.0,186960200
2026-05-01,,,,,
2026-05-04,4430.0,4470.0,4410.0,4420.0,166294600
2026-05-05,4420.0,4570.0,4410.0,4490.0,186702000
2026-05-06,4530.0,4550.0,4480.0,4510.0,156255400
2026-05-07,4570.0,4640.0,4550.0,4640.0,262269600
2026-05-08,4650.0,4710.0,4620.0,4630.0,369212800
2026-05-11,4310.0,4340.0,4250.0,4250.0,424518900
2026-05-12,4270.0,4270.0,4190.0,4240.0,221247900
2026-05-13,4230.0,4250.0,4190.0,4200.0,192288300
2026-05-14,4200.0,4200.0,4200.0,4200.0,0
2026-05-15,4200.0,4200.0,4200.0,4200.0,0
2026-05-18,4170.0,4170.0,4080.0,4130.0,316067300
2026-05-19,4130.0,4260.0,4100.0,4130.0,306901800
2026-05-20,4150.0,4290.0,4110.0,4230.0,308468000
2026-05-21,4280.0,4280.0,4130.0,4170.0,137461700
2026-05-22,4140.0,4150.0,4040.0,4120.0,190022900
2026-05-25,4160.0,4300.0,4130.0,4220.0,235113500
2026-05-26,4210.0,4220.0,4130.0,4130.0,181583300
2026-05-27,4130.0,4130.0,4130.0,4130.0,0
2026-05-28,4130.0,4130.0,4130.0,4130.0,0
2026-05-29,4120.0,4190.0,4080.0,4080.0,442625300
2026-06-01,,,,,
2026-06-02,4090.0,4190.0,4090.0,4170.0,261911500
2026-06-03,4200.0,4200.0,4020.0,4050.0,287274100
2026-06-04,4050.0,4060.0,3930.0,3970.0,328529500
2026-06-05,3900.0,3950.0,3820.0,3840.0,320689600
2026-06-08,3810.0,3900.0,3700.0,3710.0,387103400
2026-06-09,3650.0,4090.0,3650.0,4090.0,484957600
2026-06-10,4100.0,4260.0,4050.0,4260.0,359183100
2026-06-11,4260.0,4340.0,4140.0,4250.0,308861000
2026-06-12,4320.0,4320.0,4200.0,4200.0,241735800
2026-06-15,4300.0,4500.0,4300.0,4500.0,310948900
2026-06-16,,,,,
2026-06-17,4500.0,4570.0,4390.0,4490.0,286865700
2026-06-18,4440.0,4470.0,4340.0,4470.0,190568200
2026-06-19,4390.0,4470.0,4300.0,4310.0,377274300
2026-06-22,4320.0,4340.0,4220.0,4220.0,101336500
2026-06-23,4200.0,4210.0,4090.0,4120.0,248512500
2026-06-24,4130.0,4180.0,3970.0,3970.0,254221600
2026-06-25,3970.0,4090.0,3960.0,4000.0,275422800
2026-06-26,4000.0,4040.0,3900.0,3990.0,247361000
2026-06-29,3990.0,4010.0,3930.0,3940.0,120733900
2026-06-30,3930.0,3930.0,3830.0,3850.0,200553100
2026-07-01,3810.0,3880.0,3800.0,3810.0,142033400
2026-07-02,3810.0,3960.0,3810.0,3900.0,181957900
2026-07-03,3950.0,4040.0,3950.0,4010.0,97694100
2026-07-06,4020.0,4040.0,3940.0,4030.0,143666300
2026-07-07,4030.0,4090.0,3990.0,4070.0,181399100
2026-07-08,4080.0,4080.0,3970.0,3970.0,107252600
2026-07-09,3960.0,4040.0,3950.0,4040.0,109084100
2026-07-10,4050.0,4080.0,4010.0,4080.0,73997600
2026-07-13,4070.0,4260.0,4020.0,4250.0,140381100
2026-07-14,4250.0,4260.0,4130.0,4160.0,186937300
2026-07-15,4220.0,4270.0,4170.0,4200.0,145283200
2026-07-16,4240.0,4310.0,4220.0,4310.0,103434900
2026-07-17,4310.0,4490.0,4270.0,4480.0,258763500
2026-07-20,4480.0,4520.0,4420.0,4450.0,197096400
2026-07-21,4480.0,4490.0,4430.0,4480.0,135068500
2026-07-22,4490.0,4490.0,4410.0,4420.0,93136600
2026-07-23,4450.0,4470.0,4330.0,4380.0,160468800
2026-07-24,4280.0,4290.0,4120.0,4130.0,403126400
2026-07-27,4110.0,4160.0,4060.0,4160.0,233516000
2026-07-28,4150.0,4190.0,4100.0,4100.0,162841200
2026-07-29,4120.0,4140.0,4060.0,4090.0,125647800
2026-07-30,4100.0,4200.0,4100.0,4160.0,100897800
2026-07-31,4180.0,4200.0,4160.0,4190.0,97657300
2026-08-03,4230.0,4230.0,4140.0,4170.0,76254300
2026-08-04,4170.0,4260.0,4170.0,4260.0,121374800
2026-08-05,4260.0,4280.0,4220.0,4220.0,122781400
2026-08-06,4240.0,4280.0,4200.0,4200.0,95744300
2026-08-07,4220.0,4270.0,4210.0,4240.0,110106100
2026-08-10,4250.0,4270.0,4180.0,4180.0,148614700
2026-08-11,4200.0,4200.0,4100.0,4120.0,148404100
2026-08-12,4130.0,4150.0,4080.0,4130.0,153658300
2026-08-13,4140.0,4150.0,4090.0,4130.0,108708200
2026-08-14,4140.0,4170.0,4100.0,4170.0,75934800
2026-08-17,,,,,
2026-08-18,4200.0,4220.0,4150.0,4150.0,116514200
2026-08-19,4160.0,4190.0,4140.0,4140.0,79287200
